{"cameraMode":{"drawMode":0,"name":"Shaded","section":"Shading Mode"},"sceneLighting":true,"audioPlay":false,"sceneViewState":{"showFog":true,"showMaterialUpdate":false,"showSkybox":true,"showFlares":true,"showImageEffects":true,"showParticleSystems":true},"in2DMode":false,"pivot":{"x":-314.38006591796877,"y":62.00603485107422,"z":49.713138580322269},"rotation":{"x":0.12068204581737519,"y":-0.7005904316902161,"z":0.12207160145044327,"w":0.6926091909408569},"size":0.7408207654953003,"orthographic":false}