{"cameraMode":{"drawMode":0,"name":"Shaded","section":"Shading Mode"},"sceneLighting":false,"audioPlay":false,"sceneViewState":{"showFog":true,"showMaterialUpdate":false,"showSkybox":true,"showFlares":true,"showImageEffects":true,"showParticleSystems":true},"in2DMode":false,"pivot":{"x":127.96261596679688,"y":31.461387634277345,"z":38.92957305908203},"rotation":{"x":0.3469681441783905,"y":-0.21447734534740449,"z":0.08183484524488449,"w":0.9093490242958069},"size":5664.216796875,"orthographic":false}